overall_rank,display_name,position,team_abbreviation1,Jamaal Charles,RB,KC2,LeSean McCoy,RB,PHI3,Calvin Johnson,WR,DET4,Matt Forte,RB,CHI5,Adrian Peterson,RB,MIN6,Jimmy Graham,TE,NO7,Demaryius Thomas,WR,DEN8,Dez Bryant,WR,DAL9,Eddie Lacy,RB,GB10,DeMarco Murray,RB,DAL11,Montee Ball,RB,DEN12,Julio Jones,WR,ATL13,Giovani Bernard,RB,CIN14,A.J. Green,WR,CIN15,Brandon Marshall,WR,CHI16,Arian Foster,RB,HOU17,Le'Veon Bell,RB,PIT18,Antonio Brown,WR,PIT19,Marshawn Lynch,RB,SEA20,Andre Ellington,RB,ARI21,Jordy Nelson,WR,GB22,Alshon Jeffery,WR,CHI23,Randall Cobb,WR,GB24,Zac Stacy,RB,STL25,Reggie Bush,RB,DET26,Doug Martin,RB,TB27,Pierre Garcon,WR,WAS28,Andre Johnson,WR,HOU29,Rob Gronkowski,TE,NE30,Peyton Manning,QB,DEN31,Julius Thomas,TE,DEN32,Shane Vereen,RB,NE33,Vincent Jackson,WR,TB34,Aaron Rodgers,QB,GB35,Drew Brees,QB,NO36,Victor Cruz,WR,NYG37,Keenan Allen,WR,SD38,C.J. Spiller,RB,BUF39,Wes Welker,WR,DEN40,Ryan Mathews,RB,SD41,Roddy White,WR,ATL42,Alfred Morris,RB,WAS43,Larry Fitzgerald,WR,ARI44,Toby Gerhart,RB,JAC45,Michael Crabtree,WR,SF46,Joique Bell,RB,DET47,Rashad Jennings,RB,NYG48,Michael Floyd,WR,ARI49,Kendall Wright,WR,TEN50,Cordarrelle Patterson,WR,MIN51,Julian Edelman,WR,NE52,Pierre Thomas,RB,NO53,Matthew Stafford,QB,DET54,Ray Rice,RB,BAL55,Chris Johnson,RB,NYJ56,Torrey Smith,WR,BAL57,Jordan Cameron,TE,CLE58,DeSean Jackson,WR,WAS59,Bishop Sankey,RB,TEN60,Percy Harvin,WR,SEA61,Ben Tate,RB,CLE62,Ty Hilton,WR,IND63,Marques Colston,WR,NO64,Mike Wallace,WR,MIA65,Andrew Luck,QB,IND66,Frank Gore,RB,SF67,Danny Woodhead,RB,SD68,Trent Richardson,RB,IND69,Eric Decker,WR,NYJ70,Nick Foles,QB,PHI71,Lamar Miller,RB,MIA72,Robert Griffin III,QB,WAS73,Jason Witten,TE,DAL74,Vernon Davis,TE,SF75,Matt Ryan,QB,ATL76,Dennis Pitta,TE,BAL77,Jordan Reed,TE,WAS78,Greg Olsen,TE,CAR79,Emmanuel Sanders,WR,DEN80,Tom Brady,QB,NE81,Steven Jackson,RB,ATL82,Golden Tate,WR,DET83,Stevan Ridley,RB,NE84,Darren Sproles,RB,PHI85,Cam Newton,QB,CAR86,Maurice Jones-Drew,RB,OAK87,Reggie Wayne,WR,IND88,Terrance Williams,WR,DAL89,Tony Romo,QB,DAL90,Jeremy Maclin,WR,PHI91,Dwayne Bowe,WR,KC92,Cecil Shorts,WR,JAC93,Rueben Randle,WR,NYG94,Fred Jackson,RB,BUF95,Colin Kaepernick,QB,SF96,Marvin Jones,WR,CIN97,Kyle Rudolph,TE,MIN98,Sammy Watkins,WR,BUF99,Jay Cutler,QB,CHI100,DeAndre Hopkins,WR,HOU101,Brian Hartline,WR,MIA102,Bernard Pierce,RB,BAL103,Riley Cooper,WR,PHI104,Anquan Boldin,WR,SF105,Mike Evans,WR,TB106,Darren McFadden,RB,OAK107,DeAngelo Williams,RB,CAR108,Russell Wilson,QB,SEA109,Philip Rivers,QB,SD110,Tavon Austin,WR,STL111,Terrance West,RB,CLE112,Knowshon Moreno,RB,MIA113,Brandin Cooks,WR,NO114,Seattle Seahawks,DST,SEA115,Martellus Bennett,TE,CHI116,Charles Clay,TE,MIA117,Hakeem Nicks,WR,IND118,Greg Jennings,WR,MIN119,Devonta Freeman,RB,ATL120,Aaron Dobson,WR,NE121,James Jones,WR,OAK122,Ben Roethlisberger,QB,PIT123,Jarrett Boykin,WR,GB124,Christopher Ivory,RB,NYJ125,Jeremy Hill,RB,CIN126,Danny Amendola,WR,NE127,Zach Ertz,TE,PHI128,Doug Baldwin,WR,SEA129,Steve Smith,WR,BAL130,Markus Wheaton,WR,PIT131,Justin Hunter,WR,TEN132,Mark Ingram,RB,NO133,Kenny Stills,WR,NO134,Christine Michael,RB,SEA135,Delanie Walker,TE,TEN136,Rod Streater,WR,OAK137,Robert Woods,WR,BUF138,Shonn Greene,RB,TEN139,Heath Miller,TE,PIT140,Kelvin Benjamin,WR,CAR141,Jordan Matthews,WR,PHI142,Antonio Gates,TE,SD143,Andrew Hawkins,WR,CLE144,Andy Dalton,QB,CIN145,Roy Helu,RB,WAS146,Jacquizz Rodgers,RB,ATL147,Ahmad Bradshaw,RB,IND148,Jonathan Stewart,RB,CAR149,Khiry Robinson,RB,NO150,Lance Dunbar,RB,DAL151,Carlos Hyde,RB,SF152,Harry Douglas,WR,ATL153,David Wilson,RB,NYG154,Jared Cook,TE,STL155,Ladarius Green,TE,SD156,Marqise Lee,WR,JAC157,Knile Davis,RB,KC158,Donald Brown,RB,SD159,Andre Brown,RB,HOU160,Steve Johnson,WR,SF161,Eric Ebron,TE,DET162,Jerricho Cotchery,WR,CAR163,Odell Beckham Jr.,WR,NYG164,Garrett Graham,TE,HOU165,Tre Mason,RB,STL166,Kenny Britt,WR,STL167,Charles Sims,RB,TB168,Tyler Eifert,TE,CIN169,Mike Williams,WR,BUF170,C.J. Anderson,RB,DEN171,Ryan Tannehill,QB,MIA172,LeGarrette Blount,RB,PIT173,Dexter McCluster,WR,TEN174,Mike Tolbert,RB,CAR175,Stepfan Taylor,RB,ARI176,Malcom Floyd,WR,SD177,San Francisco 49ers,DST,SF178,Bryce Brown,RB,BUF179,Nate Washington,WR,TEN180,Alex Smith,QB,KC181,Dwayne Allen,TE,IND182,Johnny Manziel,QB,CLE183,Denarius Moore,WR,OAK184,Carson Palmer,QB,ARI185,St. Louis Rams,DST,STL186,Carolina Panthers,DST,CAR187,Owen Daniels,TE,BAL188,James Starks,RB,GB189,Coby Fleener,TE,IND190,Eli Manning,QB,NYG191,Brandon LaFell,WR,NE192,Miles Austin,WR,CLE193,Jordan Todman,RB,JAC194,Cody Latimer,WR,DEN195,Latavius Murray,RB,OAK196,Travis Kelce,TE,KC197,Allen Robinson,WR,JAC198,Cincinnati Bengals,DST,CIN199,Josh McCown,QB,TB200,Denver Broncos,DST,DEN201,Chris Givens,WR,STL202,Jeremy Kerley,WR,NYJ203,Andre Roberts,WR,WAS204,Josh Gordon,WR,CLE205,Bilal Powell,RB,NYJ206,Lance Moore,WR,PIT207,New England Patriots,DST,NE208,James White,RB,NE209,Kenbrell Thompkins,WR,NE210,Joe Flacco,QB,BAL211,Sam Bradford,QB,STL212,Marcedes Lewis,TE,JAC213,Marcel Reece,RB,OAK214,Travaris Cadet,RB,NO215,Houston Texans,DST,HOU216,Andre Williams,RB,NYG217,Kansas City Chiefs,DST,KC218,Jerrel Jernigan,WR,NYG219,Arizona Cardinals,DST,ARI220,Nate Burleson,WR,CLE221,Jermaine Kearse,WR,SEA222,Stephen Gostkowski,K,NE223,Donnie Avery,WR,KC224,Chicago Bears,DST,CHI225,BenJarvus Green-Ellis,RB,CIN226,Brandon Gibson,WR,MIA227,Steven Hauschka,K,SEA228,Jace Amaro,TE,NYJ229,Marcus Lattimore,RB,SF230,Levine Toilolo,TE,ATL231,Matt Prater,K,DEN232,Vick Ballard,RB,IND233,Green Bay Packers,DST,GB234,Phil Dawson,K,SF235,Jermaine Gresham,TE,CIN236,Jermichael Finley,TE,FA237,Andre Holmes,WR,OAK238,Robert Turbin,RB,SEA239,Jake Locker,QB,TEN240,Davante Adams,WR,GB241,Tim Wright,TE,TB242,Marquess Wilson,WR,CHI243,Baltimore Ravens,DST,BAL244,Michael Vick,QB,NYJ245,Jerick McKinnon,RB,MIN246,Marlon Brown,WR,BAL247,Scott Chandler,TE,BUF248,Justin Tucker,K,BAL249,Jarvis Landry,WR,MIA250,Ka'Deem Carey,RB,CHI251,Da'Rick Rogers,WR,IND252,Pittsburgh Steelers,DST,PIT253,Martavis Bryant,WR,PIT254,New Orleans Saints,DST,NO255,Mychal Rivera,TE,OAK256,Ronnie Hillman,RB,DEN257,Eddie Royal,WR,SD258,E.J. Manuel,QB,BUF259,Isaiah Crowell,RB,CLE260,Nick Folk,K,NYJ261,Chris Polk,RB,PHI262,Ted Ginn Jr.,WR,ARI263,Bobby Rainey,RB,TB264,Nick Novak,K,SD265,Dennis Johnson,RB,HOU266,Stedman Bailey,WR,STL267,Austin Seferian-Jenkins,TE,TB268,Dan Bailey,K,DAL269,Zach Miller,TE,SEA270,Robbie Gould,K,CHI271,Nate Freese,K,DET272,Mason Crosby,K,GB273,Greg Zuerlein,K,STL274,Teddy Bridgewater,QB,MIN275,Matt Bryant,K,ATL